codigo, descripcion, origen, precio unitario, cantidad, total
104, Borra tinta, 2, 200.00, 4, 800.00
106, Separadores A4, 2, 45.66, 50, 2283.00
109, Resma Oficio, 2, 750.25, 15, 11253.75
111, Boligrafo azul, 2, 250.00, 10, 2500.00
114, Anotador cuadriculado, 2, 145.00, 10, 1450.00
115, Folios Oficio, 2, 450.25, 50, 22512.50
119, Ganchos clips, 2, 260.00, 10, 2600.00
120, Bandas elasticas, 2, 180.00, 10, 1800.00
